[
  {
    "id": "aab2264d-1288-41e7-8830-68f530a7d44f",
    "data": [
      {
        "text": "Please book me an appointment for ",
        "userDefined": false
      },
      {
        "text": "1 PM",
        "meta": "@sys.time",
        "alias": "time",
        "userDefined": true
      }
    ],
    "isTemplate": false,
    "count": 0,
    "lang": "en",
    "updated": 0
  },
  {
    "id": "6018f83e-fc95-45c3-9932-9a7dab06778c",
    "data": [
      {
        "text": "Can you book an appointment",
        "userDefined": false
      }
    ],
    "isTemplate": false,
    "count": 0,
    "lang": "en",
    "updated": 0
  },
  {
    "id": "5b5b7284-ca65-4845-b834-dbc50baec417",
    "data": [
      {
        "text": "I need to book an appointment on ",
        "userDefined": false
      },
      {
        "text": "Friday",
        "meta": "@sys.date",
        "alias": "date",
        "userDefined": true
      },
      {
        "text": " at ",
        "userDefined": false
      },
      {
        "text": "3 PM",
        "meta": "@sys.time",
        "alias": "time",
        "userDefined": false
      }
    ],
    "isTemplate": false,
    "count": 0,
    "lang": "en",
    "updated": 0
  },
  {
    "id": "87dbaedc-da55-4726-af91-38b461f767b7",
    "data": [
      {
        "text": "Need appointment for ",
        "userDefined": false
      },
      {
        "text": "doctor",
        "meta": "@Appointment_AppointmentType",
        "alias": "Appointment_AppointmentType",
        "userDefined": true
      },
      {
        "text": " at ",
        "userDefined": false
      },
      {
        "text": "6 PM",
        "meta": "@sys.time",
        "alias": "time",
        "userDefined": true
      },
      {
        "text": " ",
        "userDefined": false
      },
      {
        "text": "Wednesday",
        "meta": "@sys.date",
        "alias": "date",
        "userDefined": true
      }
    ],
    "isTemplate": false,
    "count": 0,
    "lang": "en",
    "updated": 0
  }
]