[
  {
    "id": "b47367de-5937-404d-bc15-7f54eb925ce3",
    "data": [
      {
        "text": "My weight is ",
        "userDefined": false
      },
      {
        "text": "56",
        "meta": "@DietPlan_UserWeight",
        "alias": "weight",
        "userDefined": true
      },
      {
        "text": " and age is ",
        "userDefined": false
      },
      {
        "text": "78",
        "meta": "@DietPlan_UserAge",
        "alias": "age",
        "userDefined": true
      }
    ],
    "isTemplate": false,
    "count": 0,
    "lang": "en",
    "updated": 0
  },
  {
    "id": "1532d7ef-1ac3-4a16-86cb-b50e7946490a",
    "data": [
      {
        "text": "I\u0027d like to see my diet plan",
        "userDefined": false
      }
    ],
    "isTemplate": false,
    "count": 0,
    "lang": "en",
    "updated": 0
  },
  {
    "id": "23a2d8f8-9da4-40ed-8d5b-1e145464c2d7",
    "data": [
      {
        "text": "my weight is ",
        "userDefined": false
      },
      {
        "text": "75",
        "meta": "@DietPlan_UserWeight",
        "alias": "weight",
        "userDefined": true
      },
      {
        "text": " kilograms",
        "userDefined": false
      }
    ],
    "isTemplate": false,
    "count": 0,
    "lang": "en",
    "updated": 0
  },
  {
    "id": "89f9cdc7-afd9-4518-8ac8-06943c3d791c",
    "data": [
      {
        "text": "my age is ",
        "userDefined": false
      },
      {
        "text": "71",
        "meta": "@DietPlan_UserAge",
        "alias": "age",
        "userDefined": true
      }
    ],
    "isTemplate": false,
    "count": 0,
    "lang": "en",
    "updated": 0
  },
  {
    "id": "77a2a256-9747-4967-884f-16c03bec91c2",
    "data": [
      {
        "text": "Can I create a diet plan",
        "userDefined": false
      }
    ],
    "isTemplate": false,
    "count": 0,
    "lang": "en",
    "updated": 0
  },
  {
    "id": "2b7f09e8-63ae-476b-998b-1fcff564dfd5",
    "data": [
      {
        "text": "I\u0027d like create a diet plan",
        "userDefined": false
      }
    ],
    "isTemplate": false,
    "count": 0,
    "lang": "en",
    "updated": 0
  },
  {
    "id": "e2c8d278-06f6-4271-b288-682b769a33dd",
    "data": [
      {
        "text": "Diet Plan",
        "userDefined": false
      }
    ],
    "isTemplate": false,
    "count": 0,
    "lang": "en",
    "updated": 0
  }
]