[
  {
    "id": "90f88327-cf06-4d6c-a058-77aadd0d34fc",
    "data": [
      {
        "text": "What\u0027s for ",
        "userDefined": false
      },
      {
        "text": "breakfast",
        "meta": "@DietPlan_MealType",
        "alias": "DietPlan_MealType",
        "userDefined": true
      },
      {
        "text": " tomorrow?",
        "userDefined": false
      }
    ],
    "isTemplate": false,
    "count": 0,
    "lang": "en",
    "updated": 0
  },
  {
    "id": "ff4f4621-3018-4203-af09-9afde2997d8b",
    "data": [
      {
        "text": "Can I please see what I am having for ",
        "userDefined": false
      },
      {
        "text": "breakfast",
        "meta": "@DietPlan_MealType",
        "alias": "DietPlan_MealType",
        "userDefined": true
      },
      {
        "text": " ",
        "userDefined": false
      },
      {
        "text": "tomorrow",
        "meta": "@sys.date-time",
        "alias": "date-time",
        "userDefined": true
      },
      {
        "text": "?",
        "userDefined": false
      }
    ],
    "isTemplate": false,
    "count": 0,
    "lang": "en",
    "updated": 0
  },
  {
    "id": "b9e72fcf-c1f5-40c2-ba83-3e2f277028a9",
    "data": [
      {
        "text": "What is my meal plan for the week?",
        "userDefined": false
      }
    ],
    "isTemplate": false,
    "count": 0,
    "lang": "en",
    "updated": 0
  },
  {
    "id": "72a2148d-3ee1-40d8-ad37-76e31f3873a1",
    "data": [
      {
        "text": "what did I have for ",
        "userDefined": false
      },
      {
        "text": "lunch",
        "meta": "@DietPlan_MealType",
        "alias": "DietPlan_MealType",
        "userDefined": true
      },
      {
        "text": " ",
        "userDefined": false
      },
      {
        "text": "yesterday",
        "meta": "@sys.date-time",
        "alias": "date-time",
        "userDefined": true
      },
      {
        "text": "?",
        "userDefined": false
      }
    ],
    "isTemplate": false,
    "count": 0,
    "lang": "en",
    "updated": 0
  },
  {
    "id": "db5c53a3-20f9-4bed-a0d6-6af36dfac952",
    "data": [
      {
        "text": "Can I see my meal plan for ",
        "userDefined": false
      },
      {
        "text": "tomorrow",
        "meta": "@sys.date-time",
        "alias": "date-time",
        "userDefined": true
      }
    ],
    "isTemplate": false,
    "count": 0,
    "lang": "en",
    "updated": 0
  },
  {
    "id": "3c837fb6-405a-46d0-8735-6c921e9e6b44",
    "data": [
      {
        "text": "What\u0027s for ",
        "userDefined": false
      },
      {
        "text": "lunch",
        "meta": "@DietPlan_MealType",
        "alias": "DietPlan_MealType",
        "userDefined": true
      },
      {
        "text": " today",
        "userDefined": false
      }
    ],
    "isTemplate": false,
    "count": 0,
    "lang": "en",
    "updated": 0
  },
  {
    "id": "122f03dd-5cd5-4e0a-9bb2-b3dae754acbe",
    "data": [
      {
        "text": "What am I having for ",
        "userDefined": false
      },
      {
        "text": "dinner",
        "meta": "@DietPlan_MealType",
        "alias": "DietPlan_MealType",
        "userDefined": true
      },
      {
        "text": " today?",
        "userDefined": false
      }
    ],
    "isTemplate": false,
    "count": 0,
    "lang": "en",
    "updated": 0
  },
  {
    "id": "c5018a9e-9668-460a-b05a-d1d2be25dfb5",
    "data": [
      {
        "text": "What am I having for ",
        "userDefined": false
      },
      {
        "text": "breakfast",
        "meta": "@DietPlan_MealType",
        "alias": "DietPlan_MealType",
        "userDefined": true
      },
      {
        "text": " today",
        "userDefined": false
      }
    ],
    "isTemplate": false,
    "count": 0,
    "lang": "en",
    "updated": 0
  },
  {
    "id": "4cbf4ac2-077d-4f46-9300-d626889918b0",
    "data": [
      {
        "text": "I would like to see my ",
        "userDefined": false
      },
      {
        "text": "lunch",
        "meta": "@DietPlan_MealType",
        "alias": "DietPlan_MealType",
        "userDefined": true
      },
      {
        "text": " for today",
        "userDefined": false
      }
    ],
    "isTemplate": false,
    "count": 0,
    "lang": "en",
    "updated": 0
  },
  {
    "id": "ff6b9e9e-f7a2-4bdd-9825-2c56af5a24f9",
    "data": [
      {
        "text": "Could I please see my meal plan for ",
        "userDefined": false
      },
      {
        "text": "today",
        "meta": "@sys.date-time",
        "alias": "date-time",
        "userDefined": false
      },
      {
        "text": "?",
        "userDefined": false
      }
    ],
    "isTemplate": false,
    "count": 0,
    "lang": "en",
    "updated": 0
  }
]