[
  {
    "id": "1ff8063b-192f-45ec-8823-2128e10a5065",
    "data": [
      {
        "text": "medication indication",
        "userDefined": false
      }
    ],
    "isTemplate": false,
    "count": 0,
    "lang": "en",
    "updated": 0
  },
  {
    "id": "22b7bf81-94ea-4232-af76-5ad78e34f367",
    "data": [
      {
        "text": "medication route",
        "userDefined": false
      }
    ],
    "isTemplate": false,
    "count": 0,
    "lang": "en",
    "updated": 0
  },
  {
    "id": "5f0ff397-3678-4550-944c-c7806a6125cb",
    "data": [
      {
        "text": "What is the purpose of my medication?",
        "userDefined": false
      }
    ],
    "isTemplate": false,
    "count": 0,
    "lang": "en",
    "updated": 0
  },
  {
    "id": "42ab40bd-8a43-47e2-8eda-8d5eacadb105",
    "data": [
      {
        "text": "How do I take my medicine?",
        "userDefined": false
      }
    ],
    "isTemplate": false,
    "count": 0,
    "lang": "en",
    "updated": 0
  },
  {
    "id": "7e1e16f6-53f7-448f-a9ec-9c0f5b515b66",
    "data": [
      {
        "text": "my medicine",
        "userDefined": false
      }
    ],
    "isTemplate": false,
    "count": 0,
    "lang": "en",
    "updated": 0
  },
  {
    "id": "c9a93275-ef2b-48f2-aad2-0808fc61be46",
    "data": [
      {
        "text": "medication information",
        "userDefined": false
      }
    ],
    "isTemplate": false,
    "count": 0,
    "lang": "en",
    "updated": 0
  },
  {
    "id": "d6eb98d8-962b-4202-b4eb-a77fe3f6403c",
    "data": [
      {
        "text": "I would like to know how my medication is administered",
        "userDefined": false
      }
    ],
    "isTemplate": false,
    "count": 0,
    "lang": "en",
    "updated": 0
  },
  {
    "id": "53c9dda9-abea-40e6-b84a-0b4b3d7f224b",
    "data": [
      {
        "text": "Tell me about my medication",
        "userDefined": false
      }
    ],
    "isTemplate": false,
    "count": 0,
    "lang": "en",
    "updated": 0
  }
]