[
  {
    "id": "becd223e-419b-4bb4-b0ca-2b13b1045af1",
    "data": [
      {
        "text": "I would like to see my pain assessment",
        "userDefined": false
      }
    ],
    "isTemplate": false,
    "count": 0,
    "lang": "en",
    "updated": 0
  },
  {
    "id": "15f4d16e-2814-4e55-b6e5-456c30b20c4d",
    "data": [
      {
        "text": "I would like to view my pain assessment",
        "userDefined": false
      }
    ],
    "isTemplate": false,
    "count": 0,
    "lang": "en",
    "updated": 0
  },
  {
    "id": "c7082622-f191-42e2-a059-627d0a03e73f",
    "data": [
      {
        "text": "Can I see my pain assessment",
        "userDefined": false
      }
    ],
    "isTemplate": false,
    "count": 0,
    "lang": "en",
    "updated": 0
  },
  {
    "id": "1ee9684e-038a-4212-a3a6-91f02711994b",
    "data": [
      {
        "text": "I want to see my pain assessment",
        "userDefined": false
      }
    ],
    "isTemplate": false,
    "count": 0,
    "lang": "en",
    "updated": 0
  }
]