[
  {
    "id": "c6cf6796-e192-491d-bcb0-8dd2dbd4f62b",
    "data": [
      {
        "text": "I am really hurt",
        "userDefined": false
      }
    ],
    "isTemplate": false,
    "count": 0,
    "lang": "en",
    "updated": 0
  },
  {
    "id": "95eb9094-605f-4f1e-8a8a-91c03550025e",
    "data": [
      {
        "text": "I am in lots of pain",
        "userDefined": false
      }
    ],
    "isTemplate": false,
    "count": 0,
    "lang": "en",
    "updated": 0
  },
  {
    "id": "661dcb1a-5c8c-41b1-8312-cb70cc856501",
    "data": [
      {
        "text": "Please help I have hurt myself",
        "userDefined": false
      }
    ],
    "isTemplate": false,
    "count": 0,
    "lang": "en",
    "updated": 0
  },
  {
    "id": "8c11cdc7-8c13-4faf-83ef-544a0cbaa82d",
    "data": [
      {
        "text": "I have hurt myself",
        "userDefined": false
      }
    ],
    "isTemplate": false,
    "count": 0,
    "lang": "en",
    "updated": 0
  },
  {
    "id": "c17fb06c-0c79-487d-9891-eb122baa2493",
    "data": [
      {
        "text": "I have pain scale of ",
        "userDefined": false
      },
      {
        "text": "10",
        "meta": "@PainAssessment_PainScale",
        "alias": "PainAssessment_PainScale",
        "userDefined": true
      }
    ],
    "isTemplate": false,
    "count": 0,
    "lang": "en",
    "updated": 0
  },
  {
    "id": "c653e292-34ce-42b0-a291-e69e0e5c697a",
    "data": [
      {
        "text": "I have pain",
        "userDefined": false
      }
    ],
    "isTemplate": false,
    "count": 0,
    "lang": "en",
    "updated": 0
  },
  {
    "id": "b763a69f-b8fb-4e4e-b9ec-5092ebdb8dcc",
    "data": [
      {
        "text": "I am in pain",
        "userDefined": false
      }
    ],
    "isTemplate": false,
    "count": 0,
    "lang": "en",
    "updated": 0
  },
  {
    "id": "b556bc84-2db5-407a-8b53-9506014ed15c",
    "data": [
      {
        "text": "I have discomfort",
        "userDefined": false
      }
    ],
    "isTemplate": false,
    "count": 0,
    "lang": "en",
    "updated": 0
  },
  {
    "id": "4b0ff03c-fe4f-4752-a49c-c1951b9278ad",
    "data": [
      {
        "text": "I have pain in my ",
        "userDefined": false
      },
      {
        "text": "chest",
        "userDefined": false
      },
      {
        "text": " and ",
        "userDefined": false
      },
      {
        "text": "left arm",
        "meta": "@PainAssessment_PainArea",
        "alias": "PainAssessment_PainArea",
        "userDefined": true
      }
    ],
    "isTemplate": false,
    "count": 0,
    "lang": "en",
    "updated": 0
  },
  {
    "id": "00c61009-58e9-4a02-9efc-eb1b5ffb1a2b",
    "data": [
      {
        "text": "I was ",
        "userDefined": false
      },
      {
        "text": "walking",
        "meta": "@PainAssessment_IncidentType",
        "alias": "PainAssessment_IncidentType",
        "userDefined": true
      },
      {
        "text": " and I hurt my ",
        "userDefined": false
      },
      {
        "text": "leg",
        "meta": "@PainAssessment_PainArea",
        "alias": "PainAssessment_PainArea",
        "userDefined": false
      }
    ],
    "isTemplate": false,
    "count": 0,
    "lang": "en",
    "updated": 0
  },
  {
    "id": "e2ffc4de-cb45-496a-8c6b-3fe9e1729079",
    "data": [
      {
        "text": "I have ",
        "userDefined": false
      },
      {
        "text": "sharp",
        "meta": "@PainAssessment_PainType",
        "alias": "PainAssessment_PainType",
        "userDefined": true
      },
      {
        "text": " pain in my ",
        "userDefined": false
      },
      {
        "text": "chest",
        "meta": "@PainAssessment_PainArea",
        "alias": "PainAssessment_PainArea",
        "userDefined": false
      }
    ],
    "isTemplate": false,
    "count": 0,
    "lang": "en",
    "updated": 0
  },
  {
    "id": "71bddb16-b8de-443b-914f-7f5339c699c9",
    "data": [
      {
        "text": "My ",
        "userDefined": false
      },
      {
        "text": "neck",
        "meta": "@PainAssessment_PainArea",
        "alias": "PainAssessment_PainArea",
        "userDefined": false
      },
      {
        "text": " hurts",
        "userDefined": false
      }
    ],
    "isTemplate": false,
    "count": 0,
    "lang": "en",
    "updated": 0
  },
  {
    "id": "d690673a-ce20-46c1-b60e-470a4412a1d9",
    "data": [
      {
        "text": "My ",
        "userDefined": false
      },
      {
        "text": "face",
        "meta": "@PainAssessment_PainArea",
        "alias": "PainAssessment_PainArea",
        "userDefined": true
      },
      {
        "text": " hurts",
        "userDefined": false
      }
    ],
    "isTemplate": false,
    "count": 0,
    "lang": "en",
    "updated": 0
  },
  {
    "id": "2bfb8b1d-ec20-46b5-989b-297c99767a58",
    "data": [
      {
        "text": "I am having discomfort in my ",
        "userDefined": false
      },
      {
        "text": "chest",
        "meta": "@PainAssessment_PainArea",
        "alias": "PainAssessment_PainArea",
        "userDefined": true
      }
    ],
    "isTemplate": false,
    "count": 0,
    "lang": "en",
    "updated": 0
  },
  {
    "id": "af46cc83-7fca-4d92-a5cb-22887e0b997c",
    "data": [
      {
        "text": "I am having pain in my ",
        "userDefined": false
      },
      {
        "text": "chest",
        "meta": "@PainAssessment_PainArea",
        "alias": "PainAssessment_PainArea",
        "userDefined": true
      }
    ],
    "isTemplate": false,
    "count": 0,
    "lang": "en",
    "updated": 0
  },
  {
    "id": "c2e81753-c90a-4f23-bb7f-ab85708ad29c",
    "data": [
      {
        "text": "I am having ",
        "userDefined": false
      },
      {
        "text": "neck",
        "meta": "@PainAssessment_PainArea",
        "alias": "PainAssessment_PainArea",
        "userDefined": true
      },
      {
        "text": " pain",
        "userDefined": false
      }
    ],
    "isTemplate": false,
    "count": 0,
    "lang": "en",
    "updated": 0
  },
  {
    "id": "49286b9e-e384-4be4-9c0f-58043e6558a3",
    "data": [
      {
        "text": "I have ",
        "userDefined": false
      },
      {
        "text": "back",
        "meta": "@PainAssessment_PainArea",
        "alias": "PainAssessment_PainArea",
        "userDefined": true
      },
      {
        "text": " pain",
        "userDefined": false
      }
    ],
    "isTemplate": false,
    "count": 0,
    "lang": "en",
    "updated": 0
  },
  {
    "id": "2f8159dc-185a-411a-9039-d0e2ca7c6d3a",
    "data": [
      {
        "text": "I am having discomfort",
        "userDefined": false
      }
    ],
    "isTemplate": false,
    "count": 0,
    "lang": "en",
    "updated": 0
  }
]