[
  {
    "id": "23d06240-70c8-4e57-bc82-5ae4ff13da89",
    "data": [
      {
        "text": "I need to update my user\u0027s personal data",
        "userDefined": false
      }
    ],
    "isTemplate": false,
    "count": 0,
    "lang": "en",
    "updated": 0
  },
  {
    "id": "2b98b071-3d47-4864-a05c-4a94362719a1",
    "data": [
      {
        "text": "I want to update my existing user personal information with you.",
        "userDefined": false
      }
    ],
    "isTemplate": false,
    "count": 0,
    "lang": "en",
    "updated": 0
  },
  {
    "id": "7289ff0e-c94c-4a35-82a3-baa2390998fb",
    "data": [
      {
        "text": "Update my personal information.",
        "userDefined": false
      }
    ],
    "isTemplate": false,
    "count": 0,
    "lang": "en",
    "updated": 0
  },
  {
    "id": "4e214b2f-092a-433a-948e-3374d00585c3",
    "data": [
      {
        "text": "Store or register my user\u0027s personal data",
        "userDefined": false
      }
    ],
    "isTemplate": false,
    "count": 0,
    "lang": "en",
    "updated": 0
  },
  {
    "id": "9a410c16-1260-468d-b3b9-7e75216cb7ee",
    "data": [
      {
        "text": "Store my personal information",
        "userDefined": false
      }
    ],
    "isTemplate": false,
    "count": 0,
    "lang": "en",
    "updated": 0
  },
  {
    "id": "1afca67b-26be-4a84-8495-4e6e6c163ee6",
    "data": [
      {
        "text": "Register with my information",
        "userDefined": false
      }
    ],
    "isTemplate": false,
    "count": 0,
    "lang": "en",
    "updated": 0
  },
  {
    "id": "bcf4915d-54b8-4b8b-866a-7057e9f1e938",
    "data": [
      {
        "text": "Personal Information",
        "userDefined": false
      }
    ],
    "isTemplate": false,
    "count": 0,
    "lang": "en",
    "updated": 0
  },
  {
    "id": "824fbb93-e38b-4430-b16b-7aaf58b214bb",
    "data": [
      {
        "text": "Update",
        "userDefined": false
      }
    ],
    "isTemplate": false,
    "count": 0,
    "lang": "en",
    "updated": 0
  },
  {
    "id": "118a0fde-5117-477e-87de-78d9444fa867",
    "data": [
      {
        "text": "Let\u0027s start",
        "userDefined": false
      }
    ],
    "isTemplate": false,
    "count": 0,
    "lang": "en",
    "updated": 0
  }
]