[
  {
    "id": "2ccd5062-2834-4bf1-88ff-7228711f3e08",
    "data": [
      {
        "text": "Can I see my user personal data stored",
        "userDefined": false
      }
    ],
    "isTemplate": false,
    "count": 0,
    "lang": "en",
    "updated": 0
  },
  {
    "id": "033a42b4-d2c1-473f-b356-96b9f6503267",
    "data": [
      {
        "text": "show me User data related to me",
        "userDefined": false
      }
    ],
    "isTemplate": false,
    "count": 0,
    "lang": "en",
    "updated": 0
  },
  {
    "id": "7e765666-7239-45bf-aa68-08b2b0d0a698",
    "data": [
      {
        "text": "I want to see my User data",
        "userDefined": false
      }
    ],
    "isTemplate": false,
    "count": 0,
    "lang": "en",
    "updated": 0
  },
  {
    "id": "e12d6ac0-cdda-4afa-8d42-b2335f788947",
    "data": [
      {
        "text": "Show me my personal information",
        "userDefined": false
      }
    ],
    "isTemplate": false,
    "count": 0,
    "lang": "en",
    "updated": 0
  },
  {
    "id": "b92a6ec7-7fb9-4a49-9280-96962582daaf",
    "data": [
      {
        "text": "Show me my user information",
        "userDefined": false
      }
    ],
    "isTemplate": false,
    "count": 0,
    "lang": "en",
    "updated": 0
  },
  {
    "id": "f3d3a6b4-83ca-4231-9bd6-8a72d6db7e08",
    "data": [
      {
        "text": "Access to my personal information",
        "userDefined": false
      }
    ],
    "isTemplate": false,
    "count": 0,
    "lang": "en",
    "updated": 0
  },
  {
    "id": "be117d5c-444e-424d-ac1f-6837fe0c04a2",
    "data": [
      {
        "text": "I want to access my information",
        "userDefined": false
      }
    ],
    "isTemplate": false,
    "count": 0,
    "lang": "en",
    "updated": 0
  },
  {
    "id": "3e412b81-d94f-4cec-a4ea-fb5f5c356736",
    "data": [
      {
        "text": "Can I see my user information",
        "userDefined": false
      }
    ],
    "isTemplate": false,
    "count": 0,
    "lang": "en",
    "updated": 0
  },
  {
    "id": "4228d599-dfec-4478-9156-f66ccd693b20",
    "data": [
      {
        "text": "Can I see my information",
        "userDefined": false
      }
    ],
    "isTemplate": false,
    "count": 0,
    "lang": "en",
    "updated": 0
  },
  {
    "id": "041338b6-3744-4472-a587-058302ceeb13",
    "data": [
      {
        "text": "Can I see my personal information",
        "userDefined": false
      }
    ],
    "isTemplate": false,
    "count": 0,
    "lang": "en",
    "updated": 0
  }
]