[
  {
    "id": "e7cc90ef-dbcc-4b48-b995-054a19dbf2df",
    "data": [
      {
        "text": "I drank ",
        "userDefined": false
      },
      {
        "text": "4 glasses",
        "meta": "@WaterConsumption_AmountDrank",
        "alias": "WaterConsumption_AmountDrank",
        "userDefined": true
      },
      {
        "text": " of water",
        "userDefined": false
      }
    ],
    "isTemplate": false,
    "count": 0,
    "lang": "en",
    "updated": 0
  },
  {
    "id": "4308548e-f12f-4a32-adaf-dd9eb7f5bd5f",
    "data": [
      {
        "text": "I have had ",
        "userDefined": false
      },
      {
        "text": "3 cups",
        "meta": "@WaterConsumption_AmountDrank",
        "alias": "WaterConsumption_AmountDrank",
        "userDefined": true
      },
      {
        "text": " of water",
        "userDefined": false
      }
    ],
    "isTemplate": false,
    "count": 0,
    "lang": "en",
    "updated": 0
  },
  {
    "id": "dfb29fa0-32d6-4211-856a-e88a5d17094c",
    "data": [
      {
        "text": "Water Consumption",
        "userDefined": false
      }
    ],
    "isTemplate": false,
    "count": 0,
    "lang": "en",
    "updated": 0
  },
  {
    "id": "c3da0ba4-3670-40ad-9e1d-276afc604378",
    "data": [
      {
        "text": "I\u0027d like to add to my water consumption",
        "userDefined": false
      }
    ],
    "isTemplate": false,
    "count": 0,
    "lang": "en",
    "updated": 0
  }
]