[
  {
    "id": "5f4c64d8-f1bd-4cb3-9631-ecf115a78e32",
    "data": [
      {
        "text": "Can you show me my water consumption",
        "userDefined": false
      }
    ],
    "isTemplate": false,
    "count": 0,
    "lang": "en",
    "updated": 0
  },
  {
    "id": "38e0bd63-19c2-4ba9-bf07-6228cb178ba9",
    "data": [
      {
        "text": "see my water consumption",
        "userDefined": false
      }
    ],
    "isTemplate": false,
    "count": 0,
    "lang": "en",
    "updated": 0
  },
  {
    "id": "442bb53d-57d7-4b14-82d8-65da53ad1b8f",
    "data": [
      {
        "text": "Can I view my water consumption",
        "userDefined": false
      }
    ],
    "isTemplate": false,
    "count": 0,
    "lang": "en",
    "updated": 0
  },
  {
    "id": "3560aab8-d439-4574-8a8e-c1df320bf7de",
    "data": [
      {
        "text": "I would like to see my water consumption",
        "userDefined": false
      }
    ],
    "isTemplate": false,
    "count": 0,
    "lang": "en",
    "updated": 0
  }
]