[
  {
    "value": "neck",
    "synonyms": [
      "neck"
    ]
  },
  {
    "value": "back",
    "synonyms": [
      "back",
      "spine"
    ]
  },
  {
    "value": "left leg",
    "synonyms": [
      "left leg"
    ]
  },
  {
    "value": "right leg",
    "synonyms": [
      "right leg"
    ]
  },
  {
    "value": "legs",
    "synonyms": [
      "legs"
    ]
  },
  {
    "value": "feet",
    "synonyms": [
      "feet"
    ]
  },
  {
    "value": "head",
    "synonyms": [
      "head",
      "skull"
    ]
  },
  {
    "value": "arms",
    "synonyms": [
      "arms",
      "arm",
      "upper arm"
    ]
  },
  {
    "value": "chest",
    "synonyms": [
      "chest",
      "lungs",
      "heart",
      "ribcage"
    ]
  },
  {
    "value": "stomach",
    "synonyms": [
      "stomach",
      "belly, tummy"
    ]
  },
  {
    "value": "face",
    "synonyms": [
      "face"
    ]
  }
]