[
  {
    "value": "sharp",
    "synonyms": [
      "sharp"
    ]
  },
  {
    "value": "burning",
    "synonyms": [
      "burning",
      "heat",
      "hot"
    ]
  },
  {
    "value": "ache",
    "synonyms": [
      "ache",
      "dull ache"
    ]
  },
  {
    "value": "throbbing",
    "synonyms": [
      "throbbing"
    ]
  },
  {
    "value": "nerve",
    "synonyms": [
      "nerve"
    ]
  },
  {
    "value": "stinging",
    "synonyms": [
      "stinging",
      "sting"
    ]
  },
  {
    "value": "intense",
    "synonyms": [
      "intense"
    ]
  },
  {
    "value": "nagging",
    "synonyms": [
      "nagging"
    ]
  },
  {
    "value": "electric",
    "synonyms": [
      "electric"
    ]
  },
  {
    "value": "cold",
    "synonyms": [
      "cold"
    ]
  },
  {
    "value": "cramping",
    "synonyms": [
      "cramping"
    ]
  },
  {
    "value": "stabbing",
    "synonyms": [
      "stabbing"
    ]
  },
  {
    "value": "spasms",
    "synonyms": [
      "spasms"
    ]
  },
  {
    "value": "shooting",
    "synonyms": [
      "shooting"
    ]
  }
]