[
  {
    "value": "fell over",
    "synonyms": [
      "fell over",
      "slipped"
    ]
  },
  {
    "value": "standing up",
    "synonyms": [
      "standing up"
    ]
  },
  {
    "value": "sitting down",
    "synonyms": [
      "sitting down"
    ]
  },
  {
    "value": "nothing",
    "synonyms": [
      "nothing",
      "dont know",
      "unknown"
    ]
  },
  {
    "value": "bending over",
    "synonyms": [
      "bending over",
      "picking something up"
    ]
  },
  {
    "value": "Walking",
    "synonyms": [
      "Walking",
      "walk"
    ]
  },
  {
    "value": "Running",
    "synonyms": [
      "Running",
      "run"
    ]
  },
  {
    "value": "exercise",
    "synonyms": [
      "exercise",
      "workout",
      "gym"
    ]
  },
  {
    "value": "housework",
    "synonyms": [
      "housework",
      "cooking",
      "cleaning"
    ]
  }
]