[
  {
    "value": "Female",
    "synonyms": [
      "female",
      "f",
      "woman",
      "girl",
      "Female"
    ]
  },
  {
    "value": "Male",
    "synonyms": [
      "Male",
      "male",
      "m",
      "man",
      "boy"
    ]
  },
  {
    "value": "Non-Binary",
    "synonyms": [
      "Non-Binary",
      "nonbinary",
      "non binary",
      "non-binary",
      "Nonbinary",
      "nb",
      "NB"
    ]
  },
  {
    "value": "Intersex",
    "synonyms": [
      "Intersex",
      "intersex",
      "inter-sex",
      "Inter-sex",
      "inter sex",
      "Inter Sex"
    ]
  },
  {
    "value": "Other",
    "synonyms": [
      "Other",
      "other"
    ]
  }
]